Smell,File Name,Method Name,Line,Path
Eager Test Smell,GitMoveDeleteHookTest.java,testDeleteFile,161,F:\Poralekha\6th sem\Soft Testing\egit-master\org.eclipse.egit.core.test\src\org\eclipse\egit\core\GitMoveDeleteHookTest.java
Eager Test Smell,GitMoveDeleteHookTest.java,testDeleteFile,163,F:\Poralekha\6th sem\Soft Testing\egit-master\org.eclipse.egit.core.test\src\org\eclipse\egit\core\GitMoveDeleteHookTest.java
Eager Test Smell,GitMoveDeleteHookTest.java,testDeleteFile,165,F:\Poralekha\6th sem\Soft Testing\egit-master\org.eclipse.egit.core.test\src\org\eclipse\egit\core\GitMoveDeleteHookTest.java
Eager Test Smell,GitMoveDeleteHookTest.java,testDeleteFile,168,F:\Poralekha\6th sem\Soft Testing\egit-master\org.eclipse.egit.core.test\src\org\eclipse\egit\core\GitMoveDeleteHookTest.java
Eager Test Smell,GitMoveDeleteHookTest.java,testDeleteFile,169,F:\Poralekha\6th sem\Soft Testing\egit-master\org.eclipse.egit.core.test\src\org\eclipse\egit\core\GitMoveDeleteHookTest.java
Eager Test Smell,GitMoveDeleteHookTest.java,testDeleteFile,175,F:\Poralekha\6th sem\Soft Testing\egit-master\org.eclipse.egit.core.test\src\org\eclipse\egit\core\GitMoveDeleteHookTest.java
Eager Test Smell,GitMoveDeleteHookTest.java,testDeleteFile,176,F:\Poralekha\6th sem\Soft Testing\egit-master\org.eclipse.egit.core.test\src\org\eclipse\egit\core\GitMoveDeleteHookTest.java
Eager Test Smell,GitMoveDeleteHookTest.java,testDeleteFile,178,F:\Poralekha\6th sem\Soft Testing\egit-master\org.eclipse.egit.core.test\src\org\eclipse\egit\core\GitMoveDeleteHookTest.java
Eager Test Smell,GitMoveDeleteHookTest.java,testDeleteFile,192,F:\Poralekha\6th sem\Soft Testing\egit-master\org.eclipse.egit.core.test\src\org\eclipse\egit\core\GitMoveDeleteHookTest.java
Eager Test Smell,GitMoveDeleteHookTest.java,testDeleteFile,189,F:\Poralekha\6th sem\Soft Testing\egit-master\org.eclipse.egit.core.test\src\org\eclipse\egit\core\GitMoveDeleteHookTest.java
Eager Test Smell,GitMoveDeleteHookTest.java,testDeleteFile,194,F:\Poralekha\6th sem\Soft Testing\egit-master\org.eclipse.egit.core.test\src\org\eclipse\egit\core\GitMoveDeleteHookTest.java
Eager Test Smell,GitMoveDeleteHookTest.java,testDeleteFile,196,F:\Poralekha\6th sem\Soft Testing\egit-master\org.eclipse.egit.core.test\src\org\eclipse\egit\core\GitMoveDeleteHookTest.java
Eager Test Smell,GitMoveDeleteHookTest.java,testDeleteFile,198,F:\Poralekha\6th sem\Soft Testing\egit-master\org.eclipse.egit.core.test\src\org\eclipse\egit\core\GitMoveDeleteHookTest.java
Eager Test Smell,GitMoveDeleteHookTest.java,testDeleteFile,198,F:\Poralekha\6th sem\Soft Testing\egit-master\org.eclipse.egit.core.test\src\org\eclipse\egit\core\GitMoveDeleteHookTest.java
Eager Test Smell,GitMoveDeleteHookTest.java,testDeleteFolder,206,F:\Poralekha\6th sem\Soft Testing\egit-master\org.eclipse.egit.core.test\src\org\eclipse\egit\core\GitMoveDeleteHookTest.java
Eager Test Smell,GitMoveDeleteHookTest.java,testDeleteFolder,210,F:\Poralekha\6th sem\Soft Testing\egit-master\org.eclipse.egit.core.test\src\org\eclipse\egit\core\GitMoveDeleteHookTest.java
Eager Test Smell,GitMoveDeleteHookTest.java,testDeleteFolder,211,F:\Poralekha\6th sem\Soft Testing\egit-master\org.eclipse.egit.core.test\src\org\eclipse\egit\core\GitMoveDeleteHookTest.java
Eager Test Smell,GitMoveDeleteHookTest.java,testDeleteFolder,212,F:\Poralekha\6th sem\Soft Testing\egit-master\org.eclipse.egit.core.test\src\org\eclipse\egit\core\GitMoveDeleteHookTest.java
Eager Test Smell,GitMoveDeleteHookTest.java,testDeleteFolder,216,F:\Poralekha\6th sem\Soft Testing\egit-master\org.eclipse.egit.core.test\src\org\eclipse\egit\core\GitMoveDeleteHookTest.java
Eager Test Smell,GitMoveDeleteHookTest.java,testDeleteFolder,217,F:\Poralekha\6th sem\Soft Testing\egit-master\org.eclipse.egit.core.test\src\org\eclipse\egit\core\GitMoveDeleteHookTest.java
Eager Test Smell,GitMoveDeleteHookTest.java,testDeleteFolder,219,F:\Poralekha\6th sem\Soft Testing\egit-master\org.eclipse.egit.core.test\src\org\eclipse\egit\core\GitMoveDeleteHookTest.java
Eager Test Smell,GitMoveDeleteHookTest.java,testDeleteFolder,219,F:\Poralekha\6th sem\Soft Testing\egit-master\org.eclipse.egit.core.test\src\org\eclipse\egit\core\GitMoveDeleteHookTest.java
Eager Test Smell,GitMoveDeleteHookTest.java,testDeleteFolder,221,F:\Poralekha\6th sem\Soft Testing\egit-master\org.eclipse.egit.core.test\src\org\eclipse\egit\core\GitMoveDeleteHookTest.java
Eager Test Smell,GitMoveDeleteHookTest.java,testDeleteFolder,226,F:\Poralekha\6th sem\Soft Testing\egit-master\org.eclipse.egit.core.test\src\org\eclipse\egit\core\GitMoveDeleteHookTest.java
Eager Test Smell,GitMoveDeleteHookTest.java,testDeleteFolder,228,F:\Poralekha\6th sem\Soft Testing\egit-master\org.eclipse.egit.core.test\src\org\eclipse\egit\core\GitMoveDeleteHookTest.java
Eager Test Smell,GitMoveDeleteHookTest.java,testDeleteProject,237,F:\Poralekha\6th sem\Soft Testing\egit-master\org.eclipse.egit.core.test\src\org\eclipse\egit\core\GitMoveDeleteHookTest.java
Eager Test Smell,GitMoveDeleteHookTest.java,testDeleteProject,238,F:\Poralekha\6th sem\Soft Testing\egit-master\org.eclipse.egit.core.test\src\org\eclipse\egit\core\GitMoveDeleteHookTest.java
Eager Test Smell,GitMoveDeleteHookTest.java,testDeleteProject,240,F:\Poralekha\6th sem\Soft Testing\egit-master\org.eclipse.egit.core.test\src\org\eclipse\egit\core\GitMoveDeleteHookTest.java
Eager Test Smell,GitMoveDeleteHookTest.java,testDeleteProject,240,F:\Poralekha\6th sem\Soft Testing\egit-master\org.eclipse.egit.core.test\src\org\eclipse\egit\core\GitMoveDeleteHookTest.java
Eager Test Smell,GitMoveDeleteHookTest.java,testDeleteProject,242,F:\Poralekha\6th sem\Soft Testing\egit-master\org.eclipse.egit.core.test\src\org\eclipse\egit\core\GitMoveDeleteHookTest.java
Eager Test Smell,GitMoveDeleteHookTest.java,testDeleteProject,243,F:\Poralekha\6th sem\Soft Testing\egit-master\org.eclipse.egit.core.test\src\org\eclipse\egit\core\GitMoveDeleteHookTest.java
Eager Test Smell,GitMoveDeleteHookTest.java,testDeleteProject,246,F:\Poralekha\6th sem\Soft Testing\egit-master\org.eclipse.egit.core.test\src\org\eclipse\egit\core\GitMoveDeleteHookTest.java
Eager Test Smell,GitMoveDeleteHookTest.java,testDeleteProject,247,F:\Poralekha\6th sem\Soft Testing\egit-master\org.eclipse.egit.core.test\src\org\eclipse\egit\core\GitMoveDeleteHookTest.java
Eager Test Smell,GitMoveDeleteHookTest.java,testDeleteProject,249,F:\Poralekha\6th sem\Soft Testing\egit-master\org.eclipse.egit.core.test\src\org\eclipse\egit\core\GitMoveDeleteHookTest.java
Eager Test Smell,GitMoveDeleteHookTest.java,testDeleteProject,250,F:\Poralekha\6th sem\Soft Testing\egit-master\org.eclipse.egit.core.test\src\org\eclipse\egit\core\GitMoveDeleteHookTest.java
Eager Test Smell,GitMoveDeleteHookTest.java,testDeleteProject,250,F:\Poralekha\6th sem\Soft Testing\egit-master\org.eclipse.egit.core.test\src\org\eclipse\egit\core\GitMoveDeleteHookTest.java
Eager Test Smell,GitMoveDeleteHookTest.java,testDeleteProject,253,F:\Poralekha\6th sem\Soft Testing\egit-master\org.eclipse.egit.core.test\src\org\eclipse\egit\core\GitMoveDeleteHookTest.java
Eager Test Smell,GitMoveDeleteHookTest.java,testDeleteProject,254,F:\Poralekha\6th sem\Soft Testing\egit-master\org.eclipse.egit.core.test\src\org\eclipse\egit\core\GitMoveDeleteHookTest.java
Eager Test Smell,GitMoveDeleteHookTest.java,testDeleteProject,256,F:\Poralekha\6th sem\Soft Testing\egit-master\org.eclipse.egit.core.test\src\org\eclipse\egit\core\GitMoveDeleteHookTest.java
Eager Test Smell,GitMoveDeleteHookTest.java,testDeleteProject,259,F:\Poralekha\6th sem\Soft Testing\egit-master\org.eclipse.egit.core.test\src\org\eclipse\egit\core\GitMoveDeleteHookTest.java
Eager Test Smell,GitMoveDeleteHookTest.java,testDeleteProject,260,F:\Poralekha\6th sem\Soft Testing\egit-master\org.eclipse.egit.core.test\src\org\eclipse\egit\core\GitMoveDeleteHookTest.java
Eager Test Smell,GitMoveDeleteHookTest.java,testMoveFile,276,F:\Poralekha\6th sem\Soft Testing\egit-master\org.eclipse.egit.core.test\src\org\eclipse\egit\core\GitMoveDeleteHookTest.java
Eager Test Smell,GitMoveDeleteHookTest.java,testMoveFile,279,F:\Poralekha\6th sem\Soft Testing\egit-master\org.eclipse.egit.core.test\src\org\eclipse\egit\core\GitMoveDeleteHookTest.java
Eager Test Smell,GitMoveDeleteHookTest.java,testMoveFile,280,F:\Poralekha\6th sem\Soft Testing\egit-master\org.eclipse.egit.core.test\src\org\eclipse\egit\core\GitMoveDeleteHookTest.java
Eager Test Smell,GitMoveDeleteHookTest.java,testMoveFile,281,F:\Poralekha\6th sem\Soft Testing\egit-master\org.eclipse.egit.core.test\src\org\eclipse\egit\core\GitMoveDeleteHookTest.java
Eager Test Smell,GitMoveDeleteHookTest.java,testMoveFile,286,F:\Poralekha\6th sem\Soft Testing\egit-master\org.eclipse.egit.core.test\src\org\eclipse\egit\core\GitMoveDeleteHookTest.java
Eager Test Smell,GitMoveDeleteHookTest.java,testMoveFile,287,F:\Poralekha\6th sem\Soft Testing\egit-master\org.eclipse.egit.core.test\src\org\eclipse\egit\core\GitMoveDeleteHookTest.java
Eager Test Smell,GitMoveDeleteHookTest.java,testMoveFile,288,F:\Poralekha\6th sem\Soft Testing\egit-master\org.eclipse.egit.core.test\src\org\eclipse\egit\core\GitMoveDeleteHookTest.java
Eager Test Smell,GitMoveDeleteHookTest.java,testMoveFile,289,F:\Poralekha\6th sem\Soft Testing\egit-master\org.eclipse.egit.core.test\src\org\eclipse\egit\core\GitMoveDeleteHookTest.java
Eager Test Smell,GitMoveDeleteHookTest.java,testMoveFile,289,F:\Poralekha\6th sem\Soft Testing\egit-master\org.eclipse.egit.core.test\src\org\eclipse\egit\core\GitMoveDeleteHookTest.java
Eager Test Smell,GitMoveDeleteHookTest.java,testMoveFile,290,F:\Poralekha\6th sem\Soft Testing\egit-master\org.eclipse.egit.core.test\src\org\eclipse\egit\core\GitMoveDeleteHookTest.java
Eager Test Smell,GitMoveDeleteHookTest.java,testMoveFile,290,F:\Poralekha\6th sem\Soft Testing\egit-master\org.eclipse.egit.core.test\src\org\eclipse\egit\core\GitMoveDeleteHookTest.java
Eager Test Smell,GitMoveDeleteHookTest.java,testMoveFile,292,F:\Poralekha\6th sem\Soft Testing\egit-master\org.eclipse.egit.core.test\src\org\eclipse\egit\core\GitMoveDeleteHookTest.java
Eager Test Smell,GitMoveDeleteHookTest.java,testMoveFile,292,F:\Poralekha\6th sem\Soft Testing\egit-master\org.eclipse.egit.core.test\src\org\eclipse\egit\core\GitMoveDeleteHookTest.java
Eager Test Smell,GitMoveDeleteHookTest.java,testMoveFile,296,F:\Poralekha\6th sem\Soft Testing\egit-master\org.eclipse.egit.core.test\src\org\eclipse\egit\core\GitMoveDeleteHookTest.java
Eager Test Smell,GitMoveDeleteHookTest.java,testMoveFile,296,F:\Poralekha\6th sem\Soft Testing\egit-master\org.eclipse.egit.core.test\src\org\eclipse\egit\core\GitMoveDeleteHookTest.java
Eager Test Smell,GitMoveDeleteHookTest.java,testMoveFile,294,F:\Poralekha\6th sem\Soft Testing\egit-master\org.eclipse.egit.core.test\src\org\eclipse\egit\core\GitMoveDeleteHookTest.java
Eager Test Smell,GitMoveDeleteHookTest.java,testMoveFile,300,F:\Poralekha\6th sem\Soft Testing\egit-master\org.eclipse.egit.core.test\src\org\eclipse\egit\core\GitMoveDeleteHookTest.java
Eager Test Smell,GitMoveDeleteHookTest.java,testMoveFile,300,F:\Poralekha\6th sem\Soft Testing\egit-master\org.eclipse.egit.core.test\src\org\eclipse\egit\core\GitMoveDeleteHookTest.java
Eager Test Smell,GitMoveDeleteHookTest.java,testMoveFile,307,F:\Poralekha\6th sem\Soft Testing\egit-master\org.eclipse.egit.core.test\src\org\eclipse\egit\core\GitMoveDeleteHookTest.java
Eager Test Smell,GitMoveDeleteHookTest.java,testMoveFile,302,F:\Poralekha\6th sem\Soft Testing\egit-master\org.eclipse.egit.core.test\src\org\eclipse\egit\core\GitMoveDeleteHookTest.java
Eager Test Smell,GitMoveDeleteHookTest.java,testMoveFile,305,F:\Poralekha\6th sem\Soft Testing\egit-master\org.eclipse.egit.core.test\src\org\eclipse\egit\core\GitMoveDeleteHookTest.java
Eager Test Smell,GitMoveDeleteHookTest.java,testMoveFile,305,F:\Poralekha\6th sem\Soft Testing\egit-master\org.eclipse.egit.core.test\src\org\eclipse\egit\core\GitMoveDeleteHookTest.java
Eager Test Smell,GitMoveDeleteHookTest.java,testMoveFile,311,F:\Poralekha\6th sem\Soft Testing\egit-master\org.eclipse.egit.core.test\src\org\eclipse\egit\core\GitMoveDeleteHookTest.java
Eager Test Smell,GitMoveDeleteHookTest.java,testMoveFolder,326,F:\Poralekha\6th sem\Soft Testing\egit-master\org.eclipse.egit.core.test\src\org\eclipse\egit\core\GitMoveDeleteHookTest.java
Eager Test Smell,GitMoveDeleteHookTest.java,testMoveFolder,330,F:\Poralekha\6th sem\Soft Testing\egit-master\org.eclipse.egit.core.test\src\org\eclipse\egit\core\GitMoveDeleteHookTest.java
Eager Test Smell,GitMoveDeleteHookTest.java,testMoveFolder,331,F:\Poralekha\6th sem\Soft Testing\egit-master\org.eclipse.egit.core.test\src\org\eclipse\egit\core\GitMoveDeleteHookTest.java
Eager Test Smell,GitMoveDeleteHookTest.java,testMoveFolder,332,F:\Poralekha\6th sem\Soft Testing\egit-master\org.eclipse.egit.core.test\src\org\eclipse\egit\core\GitMoveDeleteHookTest.java
Eager Test Smell,GitMoveDeleteHookTest.java,testMoveFolder,336,F:\Poralekha\6th sem\Soft Testing\egit-master\org.eclipse.egit.core.test\src\org\eclipse\egit\core\GitMoveDeleteHookTest.java
Eager Test Smell,GitMoveDeleteHookTest.java,testMoveFolder,337,F:\Poralekha\6th sem\Soft Testing\egit-master\org.eclipse.egit.core.test\src\org\eclipse\egit\core\GitMoveDeleteHookTest.java
Eager Test Smell,GitMoveDeleteHookTest.java,testMoveFolder,338,F:\Poralekha\6th sem\Soft Testing\egit-master\org.eclipse.egit.core.test\src\org\eclipse\egit\core\GitMoveDeleteHookTest.java
Eager Test Smell,GitMoveDeleteHookTest.java,testMoveFolder,339,F:\Poralekha\6th sem\Soft Testing\egit-master\org.eclipse.egit.core.test\src\org\eclipse\egit\core\GitMoveDeleteHookTest.java
Eager Test Smell,GitMoveDeleteHookTest.java,testMoveFolder,339,F:\Poralekha\6th sem\Soft Testing\egit-master\org.eclipse.egit.core.test\src\org\eclipse\egit\core\GitMoveDeleteHookTest.java
Eager Test Smell,GitMoveDeleteHookTest.java,testMoveFolder,340,F:\Poralekha\6th sem\Soft Testing\egit-master\org.eclipse.egit.core.test\src\org\eclipse\egit\core\GitMoveDeleteHookTest.java
Eager Test Smell,GitMoveDeleteHookTest.java,testMoveFolder,340,F:\Poralekha\6th sem\Soft Testing\egit-master\org.eclipse.egit.core.test\src\org\eclipse\egit\core\GitMoveDeleteHookTest.java
Eager Test Smell,GitMoveDeleteHookTest.java,testMoveFolder,343,F:\Poralekha\6th sem\Soft Testing\egit-master\org.eclipse.egit.core.test\src\org\eclipse\egit\core\GitMoveDeleteHookTest.java
Eager Test Smell,GitMoveDeleteHookTest.java,testMoveFolder,343,F:\Poralekha\6th sem\Soft Testing\egit-master\org.eclipse.egit.core.test\src\org\eclipse\egit\core\GitMoveDeleteHookTest.java
Eager Test Smell,GitMoveDeleteHookTest.java,testMoveFolder,347,F:\Poralekha\6th sem\Soft Testing\egit-master\org.eclipse.egit.core.test\src\org\eclipse\egit\core\GitMoveDeleteHookTest.java
Eager Test Smell,GitMoveDeleteHookTest.java,testMoveFolder,347,F:\Poralekha\6th sem\Soft Testing\egit-master\org.eclipse.egit.core.test\src\org\eclipse\egit\core\GitMoveDeleteHookTest.java
Eager Test Smell,GitMoveDeleteHookTest.java,testMoveFolder,345,F:\Poralekha\6th sem\Soft Testing\egit-master\org.eclipse.egit.core.test\src\org\eclipse\egit\core\GitMoveDeleteHookTest.java
Eager Test Smell,GitMoveDeleteHookTest.java,testMoveFolder,351,F:\Poralekha\6th sem\Soft Testing\egit-master\org.eclipse.egit.core.test\src\org\eclipse\egit\core\GitMoveDeleteHookTest.java
Eager Test Smell,GitMoveDeleteHookTest.java,testMoveFolder,351,F:\Poralekha\6th sem\Soft Testing\egit-master\org.eclipse.egit.core.test\src\org\eclipse\egit\core\GitMoveDeleteHookTest.java
Eager Test Smell,GitMoveDeleteHookTest.java,testMoveFolder,359,F:\Poralekha\6th sem\Soft Testing\egit-master\org.eclipse.egit.core.test\src\org\eclipse\egit\core\GitMoveDeleteHookTest.java
Eager Test Smell,GitMoveDeleteHookTest.java,testMoveFolder,360,F:\Poralekha\6th sem\Soft Testing\egit-master\org.eclipse.egit.core.test\src\org\eclipse\egit\core\GitMoveDeleteHookTest.java
Eager Test Smell,GitMoveDeleteHookTest.java,testMoveFolder,353,F:\Poralekha\6th sem\Soft Testing\egit-master\org.eclipse.egit.core.test\src\org\eclipse\egit\core\GitMoveDeleteHookTest.java
Eager Test Smell,GitMoveDeleteHookTest.java,testMoveFolder,354,F:\Poralekha\6th sem\Soft Testing\egit-master\org.eclipse.egit.core.test\src\org\eclipse\egit\core\GitMoveDeleteHookTest.java
Eager Test Smell,GitMoveDeleteHookTest.java,testMoveFolder,357,F:\Poralekha\6th sem\Soft Testing\egit-master\org.eclipse.egit.core.test\src\org\eclipse\egit\core\GitMoveDeleteHookTest.java
Eager Test Smell,GitMoveDeleteHookTest.java,testMoveFolder,357,F:\Poralekha\6th sem\Soft Testing\egit-master\org.eclipse.egit.core.test\src\org\eclipse\egit\core\GitMoveDeleteHookTest.java
Eager Test Smell,GitMoveDeleteHookTest.java,testMoveFolder,363,F:\Poralekha\6th sem\Soft Testing\egit-master\org.eclipse.egit.core.test\src\org\eclipse\egit\core\GitMoveDeleteHookTest.java
Eager Test Smell,GitMoveDeleteHookTest.java,testMoveAndRenameProjectContainingGitRepo,378,F:\Poralekha\6th sem\Soft Testing\egit-master\org.eclipse.egit.core.test\src\org\eclipse\egit\core\GitMoveDeleteHookTest.java
Eager Test Smell,GitMoveDeleteHookTest.java,testMoveAndRenameProjectContainingGitRepo,381,F:\Poralekha\6th sem\Soft Testing\egit-master\org.eclipse.egit.core.test\src\org\eclipse\egit\core\GitMoveDeleteHookTest.java
Eager Test Smell,GitMoveDeleteHookTest.java,testMoveAndRenameProjectContainingGitRepo,384,F:\Poralekha\6th sem\Soft Testing\egit-master\org.eclipse.egit.core.test\src\org\eclipse\egit\core\GitMoveDeleteHookTest.java
Eager Test Smell,GitMoveDeleteHookTest.java,testMoveAndRenameProjectContainingGitRepo,385,F:\Poralekha\6th sem\Soft Testing\egit-master\org.eclipse.egit.core.test\src\org\eclipse\egit\core\GitMoveDeleteHookTest.java
Eager Test Smell,GitMoveDeleteHookTest.java,testMoveAndRenameProjectContainingGitRepo,386,F:\Poralekha\6th sem\Soft Testing\egit-master\org.eclipse.egit.core.test\src\org\eclipse\egit\core\GitMoveDeleteHookTest.java
Eager Test Smell,GitMoveDeleteHookTest.java,testMoveAndRenameProjectContainingGitRepo,386,F:\Poralekha\6th sem\Soft Testing\egit-master\org.eclipse.egit.core.test\src\org\eclipse\egit\core\GitMoveDeleteHookTest.java
Eager Test Smell,GitMoveDeleteHookTest.java,testMoveAndRenameProjectContainingGitRepo,389,F:\Poralekha\6th sem\Soft Testing\egit-master\org.eclipse.egit.core.test\src\org\eclipse\egit\core\GitMoveDeleteHookTest.java
Eager Test Smell,GitMoveDeleteHookTest.java,testMoveAndRenameProjectContainingGitRepo,391,F:\Poralekha\6th sem\Soft Testing\egit-master\org.eclipse.egit.core.test\src\org\eclipse\egit\core\GitMoveDeleteHookTest.java
Eager Test Smell,GitMoveDeleteHookTest.java,testMoveAndRenameProjectContainingGitRepo,393,F:\Poralekha\6th sem\Soft Testing\egit-master\org.eclipse.egit.core.test\src\org\eclipse\egit\core\GitMoveDeleteHookTest.java
Eager Test Smell,GitMoveDeleteHookTest.java,testMoveAndRenameProjectContainingGitRepo,393,F:\Poralekha\6th sem\Soft Testing\egit-master\org.eclipse.egit.core.test\src\org\eclipse\egit\core\GitMoveDeleteHookTest.java
Eager Test Smell,GitMoveDeleteHookTest.java,testMoveAndRenameProjectContainingGitRepo,394,F:\Poralekha\6th sem\Soft Testing\egit-master\org.eclipse.egit.core.test\src\org\eclipse\egit\core\GitMoveDeleteHookTest.java
Eager Test Smell,GitMoveDeleteHookTest.java,testMoveAndRenameProjectContainingGitRepo,394,F:\Poralekha\6th sem\Soft Testing\egit-master\org.eclipse.egit.core.test\src\org\eclipse\egit\core\GitMoveDeleteHookTest.java
Eager Test Smell,GitMoveDeleteHookTest.java,testMoveAndRenameProjectContainingGitRepo,397,F:\Poralekha\6th sem\Soft Testing\egit-master\org.eclipse.egit.core.test\src\org\eclipse\egit\core\GitMoveDeleteHookTest.java
Eager Test Smell,GitMoveDeleteHookTest.java,testMoveAndRenameProjectContainingGitRepo,397,F:\Poralekha\6th sem\Soft Testing\egit-master\org.eclipse.egit.core.test\src\org\eclipse\egit\core\GitMoveDeleteHookTest.java
Eager Test Smell,GitMoveDeleteHookTest.java,testMoveAndRenameProjectContainingGitRepo,401,F:\Poralekha\6th sem\Soft Testing\egit-master\org.eclipse.egit.core.test\src\org\eclipse\egit\core\GitMoveDeleteHookTest.java
Eager Test Smell,GitMoveDeleteHookTest.java,testMoveAndRenameProjectContainingGitRepo,403,F:\Poralekha\6th sem\Soft Testing\egit-master\org.eclipse.egit.core.test\src\org\eclipse\egit\core\GitMoveDeleteHookTest.java
Eager Test Smell,GitMoveDeleteHookTest.java,testMoveAndRenameProjectContainingGitRepo,403,F:\Poralekha\6th sem\Soft Testing\egit-master\org.eclipse.egit.core.test\src\org\eclipse\egit\core\GitMoveDeleteHookTest.java
Eager Test Smell,GitMoveDeleteHookTest.java,testRenameProjectOutsideWorkspaceContainingGitRepo,416,F:\Poralekha\6th sem\Soft Testing\egit-master\org.eclipse.egit.core.test\src\org\eclipse\egit\core\GitMoveDeleteHookTest.java
Eager Test Smell,GitMoveDeleteHookTest.java,testRenameProjectOutsideWorkspaceContainingGitRepo,418,F:\Poralekha\6th sem\Soft Testing\egit-master\org.eclipse.egit.core.test\src\org\eclipse\egit\core\GitMoveDeleteHookTest.java
Eager Test Smell,GitMoveDeleteHookTest.java,testRenameProjectOutsideWorkspaceContainingGitRepo,421,F:\Poralekha\6th sem\Soft Testing\egit-master\org.eclipse.egit.core.test\src\org\eclipse\egit\core\GitMoveDeleteHookTest.java
Eager Test Smell,GitMoveDeleteHookTest.java,testRenameProjectOutsideWorkspaceContainingGitRepo,422,F:\Poralekha\6th sem\Soft Testing\egit-master\org.eclipse.egit.core.test\src\org\eclipse\egit\core\GitMoveDeleteHookTest.java
Eager Test Smell,GitMoveDeleteHookTest.java,testRenameProjectOutsideWorkspaceContainingGitRepo,423,F:\Poralekha\6th sem\Soft Testing\egit-master\org.eclipse.egit.core.test\src\org\eclipse\egit\core\GitMoveDeleteHookTest.java
Eager Test Smell,GitMoveDeleteHookTest.java,testRenameProjectOutsideWorkspaceContainingGitRepo,423,F:\Poralekha\6th sem\Soft Testing\egit-master\org.eclipse.egit.core.test\src\org\eclipse\egit\core\GitMoveDeleteHookTest.java
Eager Test Smell,GitMoveDeleteHookTest.java,testRenameProjectOutsideWorkspaceContainingGitRepo,425,F:\Poralekha\6th sem\Soft Testing\egit-master\org.eclipse.egit.core.test\src\org\eclipse\egit\core\GitMoveDeleteHookTest.java
Eager Test Smell,GitMoveDeleteHookTest.java,testRenameProjectOutsideWorkspaceContainingGitRepo,427,F:\Poralekha\6th sem\Soft Testing\egit-master\org.eclipse.egit.core.test\src\org\eclipse\egit\core\GitMoveDeleteHookTest.java
Eager Test Smell,GitMoveDeleteHookTest.java,testRenameProjectOutsideWorkspaceContainingGitRepo,429,F:\Poralekha\6th sem\Soft Testing\egit-master\org.eclipse.egit.core.test\src\org\eclipse\egit\core\GitMoveDeleteHookTest.java
Eager Test Smell,GitMoveDeleteHookTest.java,testRenameProjectOutsideWorkspaceContainingGitRepo,429,F:\Poralekha\6th sem\Soft Testing\egit-master\org.eclipse.egit.core.test\src\org\eclipse\egit\core\GitMoveDeleteHookTest.java
Eager Test Smell,GitMoveDeleteHookTest.java,testRenameProjectOutsideWorkspaceContainingGitRepo,430,F:\Poralekha\6th sem\Soft Testing\egit-master\org.eclipse.egit.core.test\src\org\eclipse\egit\core\GitMoveDeleteHookTest.java
Eager Test Smell,GitMoveDeleteHookTest.java,testRenameProjectOutsideWorkspaceContainingGitRepo,430,F:\Poralekha\6th sem\Soft Testing\egit-master\org.eclipse.egit.core.test\src\org\eclipse\egit\core\GitMoveDeleteHookTest.java
Eager Test Smell,GitMoveDeleteHookTest.java,testRenameProjectOutsideWorkspaceContainingGitRepo,433,F:\Poralekha\6th sem\Soft Testing\egit-master\org.eclipse.egit.core.test\src\org\eclipse\egit\core\GitMoveDeleteHookTest.java
Eager Test Smell,GitMoveDeleteHookTest.java,testRenameProjectOutsideWorkspaceContainingGitRepo,433,F:\Poralekha\6th sem\Soft Testing\egit-master\org.eclipse.egit.core.test\src\org\eclipse\egit\core\GitMoveDeleteHookTest.java
Eager Test Smell,GitMoveDeleteHookTest.java,testRenameProjectOutsideWorkspaceContainingGitRepo,437,F:\Poralekha\6th sem\Soft Testing\egit-master\org.eclipse.egit.core.test\src\org\eclipse\egit\core\GitMoveDeleteHookTest.java
Eager Test Smell,GitMoveDeleteHookTest.java,testRenameProjectOutsideWorkspaceContainingGitRepo,439,F:\Poralekha\6th sem\Soft Testing\egit-master\org.eclipse.egit.core.test\src\org\eclipse\egit\core\GitMoveDeleteHookTest.java
Eager Test Smell,GitMoveDeleteHookTest.java,testRenameProjectOutsideWorkspaceContainingGitRepo,439,F:\Poralekha\6th sem\Soft Testing\egit-master\org.eclipse.egit.core.test\src\org\eclipse\egit\core\GitMoveDeleteHookTest.java
Eager Test Smell,GitMoveDeleteHookTest.java,testMoveButDoNotRenameProjectOutsideWorkspaceContainingGitRepo,452,F:\Poralekha\6th sem\Soft Testing\egit-master\org.eclipse.egit.core.test\src\org\eclipse\egit\core\GitMoveDeleteHookTest.java
Eager Test Smell,GitMoveDeleteHookTest.java,testMoveButDoNotRenameProjectOutsideWorkspaceContainingGitRepo,454,F:\Poralekha\6th sem\Soft Testing\egit-master\org.eclipse.egit.core.test\src\org\eclipse\egit\core\GitMoveDeleteHookTest.java
Eager Test Smell,GitMoveDeleteHookTest.java,testMoveButDoNotRenameProjectOutsideWorkspaceContainingGitRepo,457,F:\Poralekha\6th sem\Soft Testing\egit-master\org.eclipse.egit.core.test\src\org\eclipse\egit\core\GitMoveDeleteHookTest.java
Eager Test Smell,GitMoveDeleteHookTest.java,testMoveButDoNotRenameProjectOutsideWorkspaceContainingGitRepo,458,F:\Poralekha\6th sem\Soft Testing\egit-master\org.eclipse.egit.core.test\src\org\eclipse\egit\core\GitMoveDeleteHookTest.java
Eager Test Smell,GitMoveDeleteHookTest.java,testMoveButDoNotRenameProjectOutsideWorkspaceContainingGitRepo,459,F:\Poralekha\6th sem\Soft Testing\egit-master\org.eclipse.egit.core.test\src\org\eclipse\egit\core\GitMoveDeleteHookTest.java
Eager Test Smell,GitMoveDeleteHookTest.java,testMoveButDoNotRenameProjectOutsideWorkspaceContainingGitRepo,459,F:\Poralekha\6th sem\Soft Testing\egit-master\org.eclipse.egit.core.test\src\org\eclipse\egit\core\GitMoveDeleteHookTest.java
Eager Test Smell,GitMoveDeleteHookTest.java,testMoveButDoNotRenameProjectOutsideWorkspaceContainingGitRepo,460,F:\Poralekha\6th sem\Soft Testing\egit-master\org.eclipse.egit.core.test\src\org\eclipse\egit\core\GitMoveDeleteHookTest.java
Eager Test Smell,GitMoveDeleteHookTest.java,testMoveButDoNotRenameProjectOutsideWorkspaceContainingGitRepo,461,F:\Poralekha\6th sem\Soft Testing\egit-master\org.eclipse.egit.core.test\src\org\eclipse\egit\core\GitMoveDeleteHookTest.java
Eager Test Smell,GitMoveDeleteHookTest.java,testMoveButDoNotRenameProjectOutsideWorkspaceContainingGitRepo,463,F:\Poralekha\6th sem\Soft Testing\egit-master\org.eclipse.egit.core.test\src\org\eclipse\egit\core\GitMoveDeleteHookTest.java
Eager Test Smell,GitMoveDeleteHookTest.java,testMoveButDoNotRenameProjectOutsideWorkspaceContainingGitRepo,465,F:\Poralekha\6th sem\Soft Testing\egit-master\org.eclipse.egit.core.test\src\org\eclipse\egit\core\GitMoveDeleteHookTest.java
Eager Test Smell,GitMoveDeleteHookTest.java,testMoveButDoNotRenameProjectOutsideWorkspaceContainingGitRepo,465,F:\Poralekha\6th sem\Soft Testing\egit-master\org.eclipse.egit.core.test\src\org\eclipse\egit\core\GitMoveDeleteHookTest.java
Eager Test Smell,GitMoveDeleteHookTest.java,testMoveButDoNotRenameProjectOutsideWorkspaceContainingGitRepo,466,F:\Poralekha\6th sem\Soft Testing\egit-master\org.eclipse.egit.core.test\src\org\eclipse\egit\core\GitMoveDeleteHookTest.java
Eager Test Smell,GitMoveDeleteHookTest.java,testMoveButDoNotRenameProjectOutsideWorkspaceContainingGitRepo,466,F:\Poralekha\6th sem\Soft Testing\egit-master\org.eclipse.egit.core.test\src\org\eclipse\egit\core\GitMoveDeleteHookTest.java
Eager Test Smell,GitMoveDeleteHookTest.java,testMoveButDoNotRenameProjectOutsideWorkspaceContainingGitRepo,469,F:\Poralekha\6th sem\Soft Testing\egit-master\org.eclipse.egit.core.test\src\org\eclipse\egit\core\GitMoveDeleteHookTest.java
Eager Test Smell,GitMoveDeleteHookTest.java,testMoveButDoNotRenameProjectOutsideWorkspaceContainingGitRepo,469,F:\Poralekha\6th sem\Soft Testing\egit-master\org.eclipse.egit.core.test\src\org\eclipse\egit\core\GitMoveDeleteHookTest.java
Eager Test Smell,GitMoveDeleteHookTest.java,testMoveButDoNotRenameProjectOutsideWorkspaceContainingGitRepo,473,F:\Poralekha\6th sem\Soft Testing\egit-master\org.eclipse.egit.core.test\src\org\eclipse\egit\core\GitMoveDeleteHookTest.java
Eager Test Smell,GitMoveDeleteHookTest.java,testMoveButDoNotRenameProjectOutsideWorkspaceContainingGitRepo,475,F:\Poralekha\6th sem\Soft Testing\egit-master\org.eclipse.egit.core.test\src\org\eclipse\egit\core\GitMoveDeleteHookTest.java
Eager Test Smell,GitMoveDeleteHookTest.java,testMoveButDoNotRenameProjectOutsideWorkspaceContainingGitRepo,475,F:\Poralekha\6th sem\Soft Testing\egit-master\org.eclipse.egit.core.test\src\org\eclipse\egit\core\GitMoveDeleteHookTest.java
Eager Test Smell,GitMoveDeleteHookTest.java,testMoveProjectWithinGitRepoMoveFromLevelZeroDownOne,572,F:\Poralekha\6th sem\Soft Testing\egit-master\org.eclipse.egit.core.test\src\org\eclipse\egit\core\GitMoveDeleteHookTest.java
Eager Test Smell,GitMoveDeleteHookTest.java,testMoveProjectWithinGitRepoMoveFromLevelZeroDownOne,569,F:\Poralekha\6th sem\Soft Testing\egit-master\org.eclipse.egit.core.test\src\org\eclipse\egit\core\GitMoveDeleteHookTest.java
Eager Test Smell,GitMoveDeleteHookTest.java,testMoveProjectWithinGitRepoMoveFromLevelZeroDownOne,569,F:\Poralekha\6th sem\Soft Testing\egit-master\org.eclipse.egit.core.test\src\org\eclipse\egit\core\GitMoveDeleteHookTest.java
Eager Test Smell,GitMoveDeleteHookTest.java,testMoveFileWithConflictsShouldBeCanceled,586,F:\Poralekha\6th sem\Soft Testing\egit-master\org.eclipse.egit.core.test\src\org\eclipse\egit\core\GitMoveDeleteHookTest.java
Eager Test Smell,GitMoveDeleteHookTest.java,testMoveFileWithConflictsShouldBeCanceled,590,F:\Poralekha\6th sem\Soft Testing\egit-master\org.eclipse.egit.core.test\src\org\eclipse\egit\core\GitMoveDeleteHookTest.java
Eager Test Smell,GitMoveDeleteHookTest.java,testMoveFileWithConflictsShouldBeCanceled,596,F:\Poralekha\6th sem\Soft Testing\egit-master\org.eclipse.egit.core.test\src\org\eclipse\egit\core\GitMoveDeleteHookTest.java
Eager Test Smell,GitMoveDeleteHookTest.java,testMoveFileWithConflictsShouldBeCanceled,601,F:\Poralekha\6th sem\Soft Testing\egit-master\org.eclipse.egit.core.test\src\org\eclipse\egit\core\GitMoveDeleteHookTest.java
Eager Test Smell,GitMoveDeleteHookTest.java,testMoveFileWithConflictsShouldBeCanceled,603,F:\Poralekha\6th sem\Soft Testing\egit-master\org.eclipse.egit.core.test\src\org\eclipse\egit\core\GitMoveDeleteHookTest.java
Eager Test Smell,GitMoveDeleteHookTest.java,testMoveFolderWithFileWithConflictsShouldBeCanceled,617,F:\Poralekha\6th sem\Soft Testing\egit-master\org.eclipse.egit.core.test\src\org\eclipse\egit\core\GitMoveDeleteHookTest.java
Eager Test Smell,GitMoveDeleteHookTest.java,testMoveFolderWithFileWithConflictsShouldBeCanceled,621,F:\Poralekha\6th sem\Soft Testing\egit-master\org.eclipse.egit.core.test\src\org\eclipse\egit\core\GitMoveDeleteHookTest.java
Eager Test Smell,GitMoveDeleteHookTest.java,testMoveFolderWithFileWithConflictsShouldBeCanceled,630,F:\Poralekha\6th sem\Soft Testing\egit-master\org.eclipse.egit.core.test\src\org\eclipse\egit\core\GitMoveDeleteHookTest.java
Eager Test Smell,GitMoveDeleteHookTest.java,testMoveFolderWithFileWithConflictsShouldBeCanceled,626,F:\Poralekha\6th sem\Soft Testing\egit-master\org.eclipse.egit.core.test\src\org\eclipse\egit\core\GitMoveDeleteHookTest.java
Eager Test Smell,GitMoveDeleteHookTest.java,testMoveFolderWithFileWithConflictsShouldBeCanceled,626,F:\Poralekha\6th sem\Soft Testing\egit-master\org.eclipse.egit.core.test\src\org\eclipse\egit\core\GitMoveDeleteHookTest.java
Eager Test Smell,GitMoveDeleteHookTest.java,testMoveFolderWithFileWithConflictsShouldBeCanceled,624,F:\Poralekha\6th sem\Soft Testing\egit-master\org.eclipse.egit.core.test\src\org\eclipse\egit\core\GitMoveDeleteHookTest.java
Eager Test Smell,GitMoveDeleteHookTest.java,testMoveFolderWithFileWithConflictsShouldBeCanceled,635,F:\Poralekha\6th sem\Soft Testing\egit-master\org.eclipse.egit.core.test\src\org\eclipse\egit\core\GitMoveDeleteHookTest.java
Eager Test Smell,GitMoveDeleteHookTest.java,testMoveFolderWithFileWithConflictsShouldBeCanceled,637,F:\Poralekha\6th sem\Soft Testing\egit-master\org.eclipse.egit.core.test\src\org\eclipse\egit\core\GitMoveDeleteHookTest.java
Eager Test Smell,IndexDiffCacheEntryTest.java,basicTest,61,F:\Poralekha\6th sem\Soft Testing\egit-master\org.eclipse.egit.core.test\src\org\eclipse\egit\core\internal\indexdiff\IndexDiffCacheEntryTest.java
Eager Test Smell,IndexDiffCacheEntryTest.java,basicTest,69,F:\Poralekha\6th sem\Soft Testing\egit-master\org.eclipse.egit.core.test\src\org\eclipse\egit\core\internal\indexdiff\IndexDiffCacheEntryTest.java
Eager Test Smell,IndexDiffCacheEntryTest.java,basicTest,77,F:\Poralekha\6th sem\Soft Testing\egit-master\org.eclipse.egit.core.test\src\org\eclipse\egit\core\internal\indexdiff\IndexDiffCacheEntryTest.java
Eager Test Smell,IndexDiffCacheEntryTest.java,basicTest,77,F:\Poralekha\6th sem\Soft Testing\egit-master\org.eclipse.egit.core.test\src\org\eclipse\egit\core\internal\indexdiff\IndexDiffCacheEntryTest.java
Eager Test Smell,IndexDiffCacheEntryTest.java,testProjectDeletion,96,F:\Poralekha\6th sem\Soft Testing\egit-master\org.eclipse.egit.core.test\src\org\eclipse\egit\core\internal\indexdiff\IndexDiffCacheEntryTest.java
Eager Test Smell,IndexDiffCacheEntryTest.java,testProjectDeletion,98,F:\Poralekha\6th sem\Soft Testing\egit-master\org.eclipse.egit.core.test\src\org\eclipse\egit\core\internal\indexdiff\IndexDiffCacheEntryTest.java
Eager Test Smell,IndexDiffCacheEntryTest.java,testProjectDeletion,98,F:\Poralekha\6th sem\Soft Testing\egit-master\org.eclipse.egit.core.test\src\org\eclipse\egit\core\internal\indexdiff\IndexDiffCacheEntryTest.java
Eager Test Smell,IndexDiffCacheEntryTest.java,testProjectDeletion,103,F:\Poralekha\6th sem\Soft Testing\egit-master\org.eclipse.egit.core.test\src\org\eclipse\egit\core\internal\indexdiff\IndexDiffCacheEntryTest.java
Eager Test Smell,IndexDiffCacheEntryTest.java,testProjectDeletion,103,F:\Poralekha\6th sem\Soft Testing\egit-master\org.eclipse.egit.core.test\src\org\eclipse\egit\core\internal\indexdiff\IndexDiffCacheEntryTest.java
Eager Test Smell,IndexDiffCacheEntryTest.java,testReloadAndUpdate,136,F:\Poralekha\6th sem\Soft Testing\egit-master\org.eclipse.egit.core.test\src\org\eclipse\egit\core\internal\indexdiff\IndexDiffCacheEntryTest.java
Eager Test Smell,IndexDiffCacheEntryTest.java,testReloadAndUpdate,156,F:\Poralekha\6th sem\Soft Testing\egit-master\org.eclipse.egit.core.test\src\org\eclipse\egit\core\internal\indexdiff\IndexDiffCacheEntryTest.java
Eager Test Smell,IndexDiffCacheEntryTest.java,testReloadAndUpdate,174,F:\Poralekha\6th sem\Soft Testing\egit-master\org.eclipse.egit.core.test\src\org\eclipse\egit\core\internal\indexdiff\IndexDiffCacheEntryTest.java
Eager Test Smell,IndexDiffCacheTest.java,testAddingAFile,78,F:\Poralekha\6th sem\Soft Testing\egit-master\org.eclipse.egit.core.test\src\org\eclipse\egit\core\internal\indexdiff\IndexDiffCacheTest.java
Eager Test Smell,IndexDiffCacheTest.java,testAddingAFile,90,F:\Poralekha\6th sem\Soft Testing\egit-master\org.eclipse.egit.core.test\src\org\eclipse\egit\core\internal\indexdiff\IndexDiffCacheTest.java
Eager Test Smell,IndexDiffCacheTest.java,testAddingAFile,90,F:\Poralekha\6th sem\Soft Testing\egit-master\org.eclipse.egit.core.test\src\org\eclipse\egit\core\internal\indexdiff\IndexDiffCacheTest.java
Eager Test Smell,IndexDiffCacheTest.java,testAddingAFile,92,F:\Poralekha\6th sem\Soft Testing\egit-master\org.eclipse.egit.core.test\src\org\eclipse\egit\core\internal\indexdiff\IndexDiffCacheTest.java
Eager Test Smell,IndexDiffCacheTest.java,testAddingAFile,92,F:\Poralekha\6th sem\Soft Testing\egit-master\org.eclipse.egit.core.test\src\org\eclipse\egit\core\internal\indexdiff\IndexDiffCacheTest.java
Eager Test Smell,IndexDiffCacheTest.java,testAddingAFile,99,F:\Poralekha\6th sem\Soft Testing\egit-master\org.eclipse.egit.core.test\src\org\eclipse\egit\core\internal\indexdiff\IndexDiffCacheTest.java
Eager Test Smell,IndexDiffCacheTest.java,testAddingAFile,99,F:\Poralekha\6th sem\Soft Testing\egit-master\org.eclipse.egit.core.test\src\org\eclipse\egit\core\internal\indexdiff\IndexDiffCacheTest.java
Eager Test Smell,IndexDiffCacheTest.java,testAddingAFile,101,F:\Poralekha\6th sem\Soft Testing\egit-master\org.eclipse.egit.core.test\src\org\eclipse\egit\core\internal\indexdiff\IndexDiffCacheTest.java
Eager Test Smell,IndexDiffCacheTest.java,testAddingAFile,101,F:\Poralekha\6th sem\Soft Testing\egit-master\org.eclipse.egit.core.test\src\org\eclipse\egit\core\internal\indexdiff\IndexDiffCacheTest.java
Eager Test Smell,IndexDiffCacheTest.java,testAddFileFromUntrackedFolder,119,F:\Poralekha\6th sem\Soft Testing\egit-master\org.eclipse.egit.core.test\src\org\eclipse\egit\core\internal\indexdiff\IndexDiffCacheTest.java
Eager Test Smell,IndexDiffCacheTest.java,testAddFileFromUntrackedFolder,121,F:\Poralekha\6th sem\Soft Testing\egit-master\org.eclipse.egit.core.test\src\org\eclipse\egit\core\internal\indexdiff\IndexDiffCacheTest.java
Eager Test Smell,IndexDiffCacheTest.java,testAddFileFromUntrackedFolder,124,F:\Poralekha\6th sem\Soft Testing\egit-master\org.eclipse.egit.core.test\src\org\eclipse\egit\core\internal\indexdiff\IndexDiffCacheTest.java
Eager Test Smell,IndexDiffCacheTest.java,testAddFileFromUntrackedFolder,125,F:\Poralekha\6th sem\Soft Testing\egit-master\org.eclipse.egit.core.test\src\org\eclipse\egit\core\internal\indexdiff\IndexDiffCacheTest.java
Eager Test Smell,IndexDiffCacheTest.java,testAddFileFromUntrackedFolder,126,F:\Poralekha\6th sem\Soft Testing\egit-master\org.eclipse.egit.core.test\src\org\eclipse\egit\core\internal\indexdiff\IndexDiffCacheTest.java
Eager Test Smell,IndexDiffCacheTest.java,testAddFileFromUntrackedFolder,127,F:\Poralekha\6th sem\Soft Testing\egit-master\org.eclipse.egit.core.test\src\org\eclipse\egit\core\internal\indexdiff\IndexDiffCacheTest.java
Eager Test Smell,IndexDiffCacheTest.java,testAddIgnoredFolder,142,F:\Poralekha\6th sem\Soft Testing\egit-master\org.eclipse.egit.core.test\src\org\eclipse\egit\core\internal\indexdiff\IndexDiffCacheTest.java
Eager Test Smell,IndexDiffCacheTest.java,testAddIgnoredFolder,147,F:\Poralekha\6th sem\Soft Testing\egit-master\org.eclipse.egit.core.test\src\org\eclipse\egit\core\internal\indexdiff\IndexDiffCacheTest.java
Eager Test Smell,IndexDiffCacheTest.java,testAddIgnoredFolder,148,F:\Poralekha\6th sem\Soft Testing\egit-master\org.eclipse.egit.core.test\src\org\eclipse\egit\core\internal\indexdiff\IndexDiffCacheTest.java
Eager Test Smell,IndexDiffCacheTest.java,testAddIgnoredFolder,155,F:\Poralekha\6th sem\Soft Testing\egit-master\org.eclipse.egit.core.test\src\org\eclipse\egit\core\internal\indexdiff\IndexDiffCacheTest.java
Eager Test Smell,IndexDiffCacheTest.java,testAddIgnoredFolder,156,F:\Poralekha\6th sem\Soft Testing\egit-master\org.eclipse.egit.core.test\src\org\eclipse\egit\core\internal\indexdiff\IndexDiffCacheTest.java
Eager Test Smell,IndexDiffCacheTest.java,testAddIgnoredFolder,157,F:\Poralekha\6th sem\Soft Testing\egit-master\org.eclipse.egit.core.test\src\org\eclipse\egit\core\internal\indexdiff\IndexDiffCacheTest.java
Eager Test Smell,IndexDiffCacheTest.java,testRemoveIgnoredFile,171,F:\Poralekha\6th sem\Soft Testing\egit-master\org.eclipse.egit.core.test\src\org\eclipse\egit\core\internal\indexdiff\IndexDiffCacheTest.java
Eager Test Smell,IndexDiffCacheTest.java,testRemoveIgnoredFile,178,F:\Poralekha\6th sem\Soft Testing\egit-master\org.eclipse.egit.core.test\src\org\eclipse\egit\core\internal\indexdiff\IndexDiffCacheTest.java
Eager Test Smell,IndexDiffCacheTest.java,testRemoveIgnoredFile,183,F:\Poralekha\6th sem\Soft Testing\egit-master\org.eclipse.egit.core.test\src\org\eclipse\egit\core\internal\indexdiff\IndexDiffCacheTest.java
Eager Test Smell,IndexDiffCacheTest.java,testRemoveIgnoredFile,185,F:\Poralekha\6th sem\Soft Testing\egit-master\org.eclipse.egit.core.test\src\org\eclipse\egit\core\internal\indexdiff\IndexDiffCacheTest.java
Eager Test Smell,IndexDiffCacheTest.java,testAddAndRemoveGitIgnoreFileToIgnoredDir,200,F:\Poralekha\6th sem\Soft Testing\egit-master\org.eclipse.egit.core.test\src\org\eclipse\egit\core\internal\indexdiff\IndexDiffCacheTest.java
Eager Test Smell,IndexDiffCacheTest.java,testAddAndRemoveGitIgnoreFileToIgnoredDir,210,F:\Poralekha\6th sem\Soft Testing\egit-master\org.eclipse.egit.core.test\src\org\eclipse\egit\core\internal\indexdiff\IndexDiffCacheTest.java
Eager Test Smell,IndexDiffCacheTest.java,testAddAndRemoveGitIgnoreFileToIgnoredDir,214,F:\Poralekha\6th sem\Soft Testing\egit-master\org.eclipse.egit.core.test\src\org\eclipse\egit\core\internal\indexdiff\IndexDiffCacheTest.java
Eager Test Smell,IndexDiffCacheTest.java,testAddAndRemoveGitIgnoreFileToIgnoredDir,217,F:\Poralekha\6th sem\Soft Testing\egit-master\org.eclipse.egit.core.test\src\org\eclipse\egit\core\internal\indexdiff\IndexDiffCacheTest.java
Eager Test Smell,IndexDiffCacheTest.java,testAddAndRemoveFileToIgnoredDir,232,F:\Poralekha\6th sem\Soft Testing\egit-master\org.eclipse.egit.core.test\src\org\eclipse\egit\core\internal\indexdiff\IndexDiffCacheTest.java
Eager Test Smell,IndexDiffCacheTest.java,testAddAndRemoveFileToIgnoredDir,239,F:\Poralekha\6th sem\Soft Testing\egit-master\org.eclipse.egit.core.test\src\org\eclipse\egit\core\internal\indexdiff\IndexDiffCacheTest.java
Eager Test Smell,IndexDiffCacheTest.java,testModifyFileInIgnoredDir,255,F:\Poralekha\6th sem\Soft Testing\egit-master\org.eclipse.egit.core.test\src\org\eclipse\egit\core\internal\indexdiff\IndexDiffCacheTest.java
Eager Test Smell,IndexDiffCacheTest.java,testModifyFileInIgnoredDir,258,F:\Poralekha\6th sem\Soft Testing\egit-master\org.eclipse.egit.core.test\src\org\eclipse\egit\core\internal\indexdiff\IndexDiffCacheTest.java
Eager Test Smell,IndexDiffCacheTest.java,testModifyFileInIgnoredDir,260,F:\Poralekha\6th sem\Soft Testing\egit-master\org.eclipse.egit.core.test\src\org\eclipse\egit\core\internal\indexdiff\IndexDiffCacheTest.java
Eager Test Smell,IndexDiffCacheTest.java,testModifyFileInIgnoredDir,261,F:\Poralekha\6th sem\Soft Testing\egit-master\org.eclipse.egit.core.test\src\org\eclipse\egit\core\internal\indexdiff\IndexDiffCacheTest.java
Eager Test Smell,IndexDiffDataTest.java,testIsAnyPrefixOf,35,F:\Poralekha\6th sem\Soft Testing\egit-master\org.eclipse.egit.core.test\src\org\eclipse\egit\core\internal\indexdiff\IndexDiffDataTest.java
Eager Test Smell,IndexDiffDataTest.java,testIsAnyPrefixOf,38,F:\Poralekha\6th sem\Soft Testing\egit-master\org.eclipse.egit.core.test\src\org\eclipse\egit\core\internal\indexdiff\IndexDiffDataTest.java
Eager Test Smell,IndexDiffDataTest.java,testIsAnyPrefixOf,41,F:\Poralekha\6th sem\Soft Testing\egit-master\org.eclipse.egit.core.test\src\org\eclipse\egit\core\internal\indexdiff\IndexDiffDataTest.java
Eager Test Smell,IndexDiffDataTest.java,testIsAnyPrefixOf,44,F:\Poralekha\6th sem\Soft Testing\egit-master\org.eclipse.egit.core.test\src\org\eclipse\egit\core\internal\indexdiff\IndexDiffDataTest.java
Eager Test Smell,IndexDiffDataTest.java,testIsAnyPrefixOf,47,F:\Poralekha\6th sem\Soft Testing\egit-master\org.eclipse.egit.core.test\src\org\eclipse\egit\core\internal\indexdiff\IndexDiffDataTest.java
Eager Test Smell,IndexDiffDataTest.java,testMergeIgnored,61,F:\Poralekha\6th sem\Soft Testing\egit-master\org.eclipse.egit.core.test\src\org\eclipse\egit\core\internal\indexdiff\IndexDiffDataTest.java
Eager Test Smell,IndexDiffDataTest.java,testMergeIgnored,62,F:\Poralekha\6th sem\Soft Testing\egit-master\org.eclipse.egit.core.test\src\org\eclipse\egit\core\internal\indexdiff\IndexDiffDataTest.java
Eager Test Smell,IndexDiffDataTest.java,testMergeIgnored,63,F:\Poralekha\6th sem\Soft Testing\egit-master\org.eclipse.egit.core.test\src\org\eclipse\egit\core\internal\indexdiff\IndexDiffDataTest.java
Eager Test Smell,IndexDiffDataTest.java,testMergeIgnored,64,F:\Poralekha\6th sem\Soft Testing\egit-master\org.eclipse.egit.core.test\src\org\eclipse\egit\core\internal\indexdiff\IndexDiffDataTest.java
Eager Test Smell,IndexDiffDataTest.java,testMergeIgnored,67,F:\Poralekha\6th sem\Soft Testing\egit-master\org.eclipse.egit.core.test\src\org\eclipse\egit\core\internal\indexdiff\IndexDiffDataTest.java
Eager Test Smell,IndexDiffDataTest.java,testMergeIgnored,68,F:\Poralekha\6th sem\Soft Testing\egit-master\org.eclipse.egit.core.test\src\org\eclipse\egit\core\internal\indexdiff\IndexDiffDataTest.java
Eager Test Smell,IndexDiffDataTest.java,testMergeIgnored,69,F:\Poralekha\6th sem\Soft Testing\egit-master\org.eclipse.egit.core.test\src\org\eclipse\egit\core\internal\indexdiff\IndexDiffDataTest.java
Eager Test Smell,IndexDiffDataTest.java,testMergeIgnored,72,F:\Poralekha\6th sem\Soft Testing\egit-master\org.eclipse.egit.core.test\src\org\eclipse\egit\core\internal\indexdiff\IndexDiffDataTest.java
Eager Test Smell,IndexDiffDataTest.java,testMergeIgnored,73,F:\Poralekha\6th sem\Soft Testing\egit-master\org.eclipse.egit.core.test\src\org\eclipse\egit\core\internal\indexdiff\IndexDiffDataTest.java
Eager Test Smell,IndexDiffDataTest.java,testMergeIgnored,76,F:\Poralekha\6th sem\Soft Testing\egit-master\org.eclipse.egit.core.test\src\org\eclipse\egit\core\internal\indexdiff\IndexDiffDataTest.java
Eager Test Smell,IndexDiffDataTest.java,testMergeIgnored,77,F:\Poralekha\6th sem\Soft Testing\egit-master\org.eclipse.egit.core.test\src\org\eclipse\egit\core\internal\indexdiff\IndexDiffDataTest.java
Eager Test Smell,IndexDiffDataTest.java,testMergeIgnored,80,F:\Poralekha\6th sem\Soft Testing\egit-master\org.eclipse.egit.core.test\src\org\eclipse\egit\core\internal\indexdiff\IndexDiffDataTest.java
Eager Test Smell,IndexDiffDataTest.java,testMergeIgnored,81,F:\Poralekha\6th sem\Soft Testing\egit-master\org.eclipse.egit.core.test\src\org\eclipse\egit\core\internal\indexdiff\IndexDiffDataTest.java
Eager Test Smell,IndexDiffDataTest.java,testMergeIgnored,82,F:\Poralekha\6th sem\Soft Testing\egit-master\org.eclipse.egit.core.test\src\org\eclipse\egit\core\internal\indexdiff\IndexDiffDataTest.java
Eager Test Smell,IndexDiffDataTest.java,testMergeIgnored,85,F:\Poralekha\6th sem\Soft Testing\egit-master\org.eclipse.egit.core.test\src\org\eclipse\egit\core\internal\indexdiff\IndexDiffDataTest.java
Eager Test Smell,IndexDiffDataTest.java,testMergeIgnored,86,F:\Poralekha\6th sem\Soft Testing\egit-master\org.eclipse.egit.core.test\src\org\eclipse\egit\core\internal\indexdiff\IndexDiffDataTest.java
Eager Test Smell,IndexDiffDataTest.java,testMergeIgnored,87,F:\Poralekha\6th sem\Soft Testing\egit-master\org.eclipse.egit.core.test\src\org\eclipse\egit\core\internal\indexdiff\IndexDiffDataTest.java
Eager Test Smell,ProjectReferenceImporterTest.java,findRepository_DifferentUsers,89,F:\Poralekha\6th sem\Soft Testing\egit-master\org.eclipse.egit.core.test\src\org\eclipse\egit\core\internal\ProjectReferenceImporterTest.java
Eager Test Smell,SshPreferencesMirrorTest.java,testAbsoluteKeyPath,57,F:\Poralekha\6th sem\Soft Testing\egit-master\org.eclipse.egit.core.test\src\org\eclipse\egit\core\internal\SshPreferencesMirrorTest.java
Eager Test Smell,SshPreferencesMirrorTest.java,testAbsoluteKeyPath,58,F:\Poralekha\6th sem\Soft Testing\egit-master\org.eclipse.egit.core.test\src\org\eclipse\egit\core\internal\SshPreferencesMirrorTest.java
Eager Test Smell,SshPreferencesMirrorTest.java,testAbsoluteKeyPath,60,F:\Poralekha\6th sem\Soft Testing\egit-master\org.eclipse.egit.core.test\src\org\eclipse\egit\core\internal\SshPreferencesMirrorTest.java
Eager Test Smell,SshPreferencesMirrorTest.java,testAbsoluteKeyPath,61,F:\Poralekha\6th sem\Soft Testing\egit-master\org.eclipse.egit.core.test\src\org\eclipse\egit\core\internal\SshPreferencesMirrorTest.java
Eager Test Smell,SshPreferencesMirrorTest.java,testAbsoluteKeyPath,62,F:\Poralekha\6th sem\Soft Testing\egit-master\org.eclipse.egit.core.test\src\org\eclipse\egit\core\internal\SshPreferencesMirrorTest.java
Eager Test Smell,SshPreferencesMirrorTest.java,testAbsoluteKeyPath,62,F:\Poralekha\6th sem\Soft Testing\egit-master\org.eclipse.egit.core.test\src\org\eclipse\egit\core\internal\SshPreferencesMirrorTest.java
Eager Test Smell,CommitFileRevisionTest.java,testWithAttributesCheckedIn,96,F:\Poralekha\6th sem\Soft Testing\egit-master\org.eclipse.egit.core.test\src\org\eclipse\egit\core\internal\storage\CommitFileRevisionTest.java
Eager Test Smell,CommitFileRevisionTest.java,testWithAttributesCheckedIn,96,F:\Poralekha\6th sem\Soft Testing\egit-master\org.eclipse.egit.core.test\src\org\eclipse\egit\core\internal\storage\CommitFileRevisionTest.java
Eager Test Smell,CommitFileRevisionTest.java,testWithAttributesCheckedIn,99,F:\Poralekha\6th sem\Soft Testing\egit-master\org.eclipse.egit.core.test\src\org\eclipse\egit\core\internal\storage\CommitFileRevisionTest.java
Eager Test Smell,CommitFileRevisionTest.java,testWithAttributesCheckedIn,100,F:\Poralekha\6th sem\Soft Testing\egit-master\org.eclipse.egit.core.test\src\org\eclipse\egit\core\internal\storage\CommitFileRevisionTest.java
Eager Test Smell,CommitFileRevisionTest.java,testWithAttributesCheckedIn,100,F:\Poralekha\6th sem\Soft Testing\egit-master\org.eclipse.egit.core.test\src\org\eclipse\egit\core\internal\storage\CommitFileRevisionTest.java
Eager Test Smell,CommitFileRevisionTest.java,testWithAttributesCheckedIn,103,F:\Poralekha\6th sem\Soft Testing\egit-master\org.eclipse.egit.core.test\src\org\eclipse\egit\core\internal\storage\CommitFileRevisionTest.java
Eager Test Smell,CommitFileRevisionTest.java,testWithAttributesCheckedIn,104,F:\Poralekha\6th sem\Soft Testing\egit-master\org.eclipse.egit.core.test\src\org\eclipse\egit\core\internal\storage\CommitFileRevisionTest.java
Eager Test Smell,CommitFileRevisionTest.java,testWithAttributesCheckedIn,107,F:\Poralekha\6th sem\Soft Testing\egit-master\org.eclipse.egit.core.test\src\org\eclipse\egit\core\internal\storage\CommitFileRevisionTest.java
Eager Test Smell,CommitFileRevisionTest.java,testWithAttributesCheckedIn,111,F:\Poralekha\6th sem\Soft Testing\egit-master\org.eclipse.egit.core.test\src\org\eclipse\egit\core\internal\storage\CommitFileRevisionTest.java
Eager Test Smell,CommitFileRevisionTest.java,testWithAttributesCheckedIn,112,F:\Poralekha\6th sem\Soft Testing\egit-master\org.eclipse.egit.core.test\src\org\eclipse\egit\core\internal\storage\CommitFileRevisionTest.java
Eager Test Smell,CommitFileRevisionTest.java,testWithAttributesCheckedIn,112,F:\Poralekha\6th sem\Soft Testing\egit-master\org.eclipse.egit.core.test\src\org\eclipse\egit\core\internal\storage\CommitFileRevisionTest.java
Eager Test Smell,CommitFileRevisionTest.java,testWithAttributesCheckedIn,114,F:\Poralekha\6th sem\Soft Testing\egit-master\org.eclipse.egit.core.test\src\org\eclipse\egit\core\internal\storage\CommitFileRevisionTest.java
Eager Test Smell,CommitFileRevisionTest.java,testWithAttributesCheckedIn,115,F:\Poralekha\6th sem\Soft Testing\egit-master\org.eclipse.egit.core.test\src\org\eclipse\egit\core\internal\storage\CommitFileRevisionTest.java
Eager Test Smell,CommitFileRevisionTest.java,testWithAttributesCheckedIn,121,F:\Poralekha\6th sem\Soft Testing\egit-master\org.eclipse.egit.core.test\src\org\eclipse\egit\core\internal\storage\CommitFileRevisionTest.java
Eager Test Smell,CommitFileRevisionTest.java,testWithAttributesCheckedIn,121,F:\Poralekha\6th sem\Soft Testing\egit-master\org.eclipse.egit.core.test\src\org\eclipse\egit\core\internal\storage\CommitFileRevisionTest.java
Eager Test Smell,CommitFileRevisionTest.java,testWithAttributesNotCheckedIn,140,F:\Poralekha\6th sem\Soft Testing\egit-master\org.eclipse.egit.core.test\src\org\eclipse\egit\core\internal\storage\CommitFileRevisionTest.java
Eager Test Smell,CommitFileRevisionTest.java,testWithAttributesNotCheckedIn,140,F:\Poralekha\6th sem\Soft Testing\egit-master\org.eclipse.egit.core.test\src\org\eclipse\egit\core\internal\storage\CommitFileRevisionTest.java
Eager Test Smell,CommitFileRevisionTest.java,testWithAttributesNotCheckedIn,143,F:\Poralekha\6th sem\Soft Testing\egit-master\org.eclipse.egit.core.test\src\org\eclipse\egit\core\internal\storage\CommitFileRevisionTest.java
Eager Test Smell,CommitFileRevisionTest.java,testWithAttributesNotCheckedIn,144,F:\Poralekha\6th sem\Soft Testing\egit-master\org.eclipse.egit.core.test\src\org\eclipse\egit\core\internal\storage\CommitFileRevisionTest.java
Eager Test Smell,CommitFileRevisionTest.java,testWithAttributesNotCheckedIn,144,F:\Poralekha\6th sem\Soft Testing\egit-master\org.eclipse.egit.core.test\src\org\eclipse\egit\core\internal\storage\CommitFileRevisionTest.java
Eager Test Smell,CommitFileRevisionTest.java,testWithAttributesNotCheckedIn,147,F:\Poralekha\6th sem\Soft Testing\egit-master\org.eclipse.egit.core.test\src\org\eclipse\egit\core\internal\storage\CommitFileRevisionTest.java
Eager Test Smell,CommitFileRevisionTest.java,testWithAttributesNotCheckedIn,148,F:\Poralekha\6th sem\Soft Testing\egit-master\org.eclipse.egit.core.test\src\org\eclipse\egit\core\internal\storage\CommitFileRevisionTest.java
Eager Test Smell,CommitFileRevisionTest.java,testWithAttributesNotCheckedIn,150,F:\Poralekha\6th sem\Soft Testing\egit-master\org.eclipse.egit.core.test\src\org\eclipse\egit\core\internal\storage\CommitFileRevisionTest.java
Eager Test Smell,CommitFileRevisionTest.java,testWithAttributesNotCheckedIn,155,F:\Poralekha\6th sem\Soft Testing\egit-master\org.eclipse.egit.core.test\src\org\eclipse\egit\core\internal\storage\CommitFileRevisionTest.java
Eager Test Smell,CommitFileRevisionTest.java,testWithAttributesNotCheckedIn,156,F:\Poralekha\6th sem\Soft Testing\egit-master\org.eclipse.egit.core.test\src\org\eclipse\egit\core\internal\storage\CommitFileRevisionTest.java
Eager Test Smell,CommitFileRevisionTest.java,testWithAttributesNotCheckedIn,156,F:\Poralekha\6th sem\Soft Testing\egit-master\org.eclipse.egit.core.test\src\org\eclipse\egit\core\internal\storage\CommitFileRevisionTest.java
Eager Test Smell,CommitFileRevisionTest.java,testWithAttributesNotCheckedIn,158,F:\Poralekha\6th sem\Soft Testing\egit-master\org.eclipse.egit.core.test\src\org\eclipse\egit\core\internal\storage\CommitFileRevisionTest.java
Eager Test Smell,CommitFileRevisionTest.java,testWithAttributesNotCheckedIn,159,F:\Poralekha\6th sem\Soft Testing\egit-master\org.eclipse.egit.core.test\src\org\eclipse\egit\core\internal\storage\CommitFileRevisionTest.java
Eager Test Smell,CommitFileRevisionTest.java,testWithAttributesNotCheckedIn,165,F:\Poralekha\6th sem\Soft Testing\egit-master\org.eclipse.egit.core.test\src\org\eclipse\egit\core\internal\storage\CommitFileRevisionTest.java
Eager Test Smell,CommitFileRevisionTest.java,testWithAttributesNotCheckedIn,165,F:\Poralekha\6th sem\Soft Testing\egit-master\org.eclipse.egit.core.test\src\org\eclipse\egit\core\internal\storage\CommitFileRevisionTest.java
Eager Test Smell,CommitFileRevisionTest.java,testWithAttributesNotCheckedInButWithGlobalAttributes,203,F:\Poralekha\6th sem\Soft Testing\egit-master\org.eclipse.egit.core.test\src\org\eclipse\egit\core\internal\storage\CommitFileRevisionTest.java
Eager Test Smell,CommitFileRevisionTest.java,testWithAttributesNotCheckedInButWithGlobalAttributes,203,F:\Poralekha\6th sem\Soft Testing\egit-master\org.eclipse.egit.core.test\src\org\eclipse\egit\core\internal\storage\CommitFileRevisionTest.java
Eager Test Smell,CommitFileRevisionTest.java,testWithAttributesNotCheckedInButWithGlobalAttributes,206,F:\Poralekha\6th sem\Soft Testing\egit-master\org.eclipse.egit.core.test\src\org\eclipse\egit\core\internal\storage\CommitFileRevisionTest.java
Eager Test Smell,CommitFileRevisionTest.java,testWithAttributesNotCheckedInButWithGlobalAttributes,207,F:\Poralekha\6th sem\Soft Testing\egit-master\org.eclipse.egit.core.test\src\org\eclipse\egit\core\internal\storage\CommitFileRevisionTest.java
Eager Test Smell,CommitFileRevisionTest.java,testWithAttributesNotCheckedInButWithGlobalAttributes,207,F:\Poralekha\6th sem\Soft Testing\egit-master\org.eclipse.egit.core.test\src\org\eclipse\egit\core\internal\storage\CommitFileRevisionTest.java
Eager Test Smell,CommitFileRevisionTest.java,testWithAttributesNotCheckedInButWithGlobalAttributes,210,F:\Poralekha\6th sem\Soft Testing\egit-master\org.eclipse.egit.core.test\src\org\eclipse\egit\core\internal\storage\CommitFileRevisionTest.java
Eager Test Smell,CommitFileRevisionTest.java,testWithAttributesNotCheckedInButWithGlobalAttributes,211,F:\Poralekha\6th sem\Soft Testing\egit-master\org.eclipse.egit.core.test\src\org\eclipse\egit\core\internal\storage\CommitFileRevisionTest.java
Eager Test Smell,CommitFileRevisionTest.java,testWithAttributesNotCheckedInButWithGlobalAttributes,213,F:\Poralekha\6th sem\Soft Testing\egit-master\org.eclipse.egit.core.test\src\org\eclipse\egit\core\internal\storage\CommitFileRevisionTest.java
Eager Test Smell,CommitFileRevisionTest.java,testWithAttributesNotCheckedInButWithGlobalAttributes,217,F:\Poralekha\6th sem\Soft Testing\egit-master\org.eclipse.egit.core.test\src\org\eclipse\egit\core\internal\storage\CommitFileRevisionTest.java
Eager Test Smell,CommitFileRevisionTest.java,testWithAttributesNotCheckedInButWithGlobalAttributes,220,F:\Poralekha\6th sem\Soft Testing\egit-master\org.eclipse.egit.core.test\src\org\eclipse\egit\core\internal\storage\CommitFileRevisionTest.java
